,region,code,value,series_id,year
0,Louisiana,22,23997,LAPCPI,2000-01-01
1,Indiana,18,28153,INPCPI,2000-01-01
2,Maryland,24,35591,MDPCPI,2000-01-01
3,Iowa,19,27390,IAPCPI,2000-01-01
4,Montana,30,23081,MTPCPI,2000-01-01
5,Colorado,8,34029,COPCPI,2000-01-01
6,Kansas,20,28253,KSPCPI,2000-01-01
7,Vermont,50,29014,VTPCPI,2000-01-01
8,Nevada,32,31986,NVPCPI,2000-01-01
9,Arizona,4,26388,AZPCPI,2000-01-01
10,Missouri,29,27941,MOPCPI,2000-01-01
11,New York,36,36090,NYPCPI,2000-01-01
12,Virginia,51,32715,VAPCPI,2000-01-01
13,Texas,48,28383,TXPCPI,2000-01-01
14,Nebraska,31,29039,NEPCPI,2000-01-01
15,North Dakota,38,25892,NDPCPI,2000-01-01
16,District of Columbia,11,43524,DCPCPI,2000-01-01
17,Ohio,39,28598,OHPCPI,2000-01-01
18,Utah,49,24260,UTPCPI,2000-01-01
19,Tennessee,47,27066,TNPCPI,2000-01-01
20,Wisconsin,55,29556,WIPCPI,2000-01-01
21,California,6,33410,CAPCPI,2000-01-01
22,Delaware,10,33884,DEPCPI,2000-01-01
23,Idaho,16,25183,IDPCPI,2000-01-01
24,Pennsylvania,42,30443,PAPCPI,2000-01-01
25,South Dakota,46,26825,SDPCPI,2000-01-01
26,Kentucky,21,24868,KYPCPI,2000-01-01
27,New Jersey,34,39216,NJPCPI,2000-01-01
28,Arkansas,5,22781,ARPCPI,2000-01-01
29,Connecticut,9,43070,CTPCPI,2000-01-01
30,Wyoming,56,29607,WYPCPI,2000-01-01
31,Mississippi,28,21681,MSPCPI,2000-01-01
32,Oklahoma,40,24178,OKPCPI,2000-01-01
33,Illinois,17,33212,ILPCPI,2000-01-01
34,North Carolina,37,27510,NCPCPI,2000-01-01
35,West Virginia,54,22317,WVPCPI,2000-01-01
36,Oregon,41,28386,ORPCPI,2000-01-01
37,South Carolina,45,25133,SCPCPI,2000-01-01
38,New Hampshire,33,35335,NHPCPI,2000-01-01
39,Maine,23,27491,MEPCPI,2000-01-01
40,Rhode Island,44,30417,RIPCPI,2000-01-01
41,Hawaii,15,29319,HIPCPI,2000-01-01
42,Michigan,26,30344,MIPCPI,2000-01-01
43,Washington,53,32723,WAPCPI,2000-01-01
44,Georgia,13,28851,GAPCPI,2000-01-01
45,Alaska,2,32044,AKPCPI,2000-01-01
46,Florida,12,29466,FLPCPI,2000-01-01
47,Minnesota,27,32448,MNPCPI,2000-01-01
48,Alabama,1,24306,ALPCPI,2000-01-01
49,Massachusetts,25,38594,MAPCPI,2000-01-01
50,New Mexico,35,23102,NMPCPI,2000-01-01
51,Ohio,39,29323,OHPCPI,2001-01-01
52,South Carolina,45,25737,SCPCPI,2001-01-01
53,Oregon,41,28829,ORPCPI,2001-01-01
54,Missouri,29,28690,MOPCPI,2001-01-01
55,Oklahoma,40,25608,OKPCPI,2001-01-01
56,Georgia,13,29762,GAPCPI,2001-01-01
57,Wyoming,56,31347,WYPCPI,2001-01-01
58,Colorado,8,34897,COPCPI,2001-01-01
59,Hawaii,15,30229,HIPCPI,2001-01-01
60,Montana,30,23996,MTPCPI,2001-01-01
61,West Virginia,54,23754,WVPCPI,2001-01-01
62,California,6,34046,CAPCPI,2001-01-01
63,Iowa,19,28162,IAPCPI,2001-01-01
64,Texas,48,29644,TXPCPI,2001-01-01
65,Arizona,4,27008,AZPCPI,2001-01-01
66,Idaho,16,25799,IDPCPI,2001-01-01
67,North Dakota,38,26541,NDPCPI,2001-01-01
68,Wisconsin,55,30841,WIPCPI,2001-01-01
69,Arkansas,5,23873,ARPCPI,2001-01-01
70,Illinois,17,34299,ILPCPI,2001-01-01
71,Florida,12,30418,FLPCPI,2001-01-01
72,New Hampshire,33,36747,NHPCPI,2001-01-01
73,Washington,53,33084,WAPCPI,2001-01-01
74,District of Columbia,11,44871,DCPCPI,2001-01-01
75,Alabama,1,25057,ALPCPI,2001-01-01
76,Mississippi,28,22845,MSPCPI,2001-01-01
77,Indiana,18,28639,INPCPI,2001-01-01
78,Alaska,2,33626,AKPCPI,2001-01-01
79,New Jersey,34,40245,NJPCPI,2001-01-01
80,Vermont,50,30716,VTPCPI,2001-01-01
81,Kansas,20,29112,KSPCPI,2001-01-01
82,Utah,49,24925,UTPCPI,2001-01-01
83,Kentucky,21,25596,KYPCPI,2001-01-01
84,New Mexico,35,24601,NMPCPI,2001-01-01
85,Virginia,51,34001,VAPCPI,2001-01-01
86,Rhode Island,44,31815,RIPCPI,2001-01-01
87,Massachusetts,25,39872,MAPCPI,2001-01-01
88,Nebraska,31,30275,NEPCPI,2001-01-01
89,Maryland,24,37076,MDPCPI,2001-01-01
90,Nevada,32,32461,NVPCPI,2001-01-01
91,Tennessee,47,27541,TNPCPI,2001-01-01
92,North Carolina,37,27838,NCPCPI,2001-01-01
93,Maine,23,28824,MEPCPI,2001-01-01
94,Delaware,10,36922,DEPCPI,2001-01-01
95,New York,36,37283,NYPCPI,2001-01-01
96,South Dakota,46,27645,SDPCPI,2001-01-01
97,Louisiana,22,25663,LAPCPI,2001-01-01
98,Michigan,26,30749,MIPCPI,2001-01-01
99,Pennsylvania,42,31634,PAPCPI,2001-01-01
100,Minnesota,27,33490,MNPCPI,2001-01-01
101,Connecticut,9,45153,CTPCPI,2001-01-01
102,Michigan,26,30602,MIPCPI,2002-01-01
103,District of Columbia,11,45147,DCPCPI,2002-01-01
104,Delaware,10,37658,DEPCPI,2002-01-01
105,Wyoming,56,31854,WYPCPI,2002-01-01
106,Montana,30,24554,MTPCPI,2002-01-01
107,West Virginia,54,24517,WVPCPI,2002-01-01
108,North Dakota,38,27218,NDPCPI,2002-01-01
109,Wisconsin,55,31425,WIPCPI,2002-01-01
110,Texas,48,29524,TXPCPI,2002-01-01
111,New Hampshire,33,36974,NHPCPI,2002-01-01
112,Washington,53,33212,WAPCPI,2002-01-01
113,New Jersey,34,40474,NJPCPI,2002-01-01
114,Vermont,50,31217,VTPCPI,2002-01-01
115,New Mexico,35,25255,NMPCPI,2002-01-01
116,Virginia,51,34498,VAPCPI,2002-01-01
117,Nevada,32,32130,NVPCPI,2002-01-01
118,Tennessee,47,28113,TNPCPI,2002-01-01
119,New York,36,37088,NYPCPI,2002-01-01
120,South Dakota,46,27572,SDPCPI,2002-01-01
121,Ohio,39,29693,OHPCPI,2002-01-01
122,South Carolina,45,26182,SCPCPI,2002-01-01
123,Oklahoma,40,26023,OKPCPI,2002-01-01
124,Missouri,29,29168,MOPCPI,2002-01-01
125,Oregon,41,28749,ORPCPI,2002-01-01
126,Minnesota,27,33955,MNPCPI,2002-01-01
127,Pennsylvania,42,32133,PAPCPI,2002-01-01
128,Louisiana,22,26289,LAPCPI,2002-01-01
129,Maine,23,29572,MEPCPI,2002-01-01
130,North Carolina,37,27852,NCPCPI,2002-01-01
131,Maryland,24,38035,MDPCPI,2002-01-01
132,Nebraska,31,30599,NEPCPI,2002-01-01
133,Massachusetts,25,39540,MAPCPI,2002-01-01
134,Rhode Island,44,32807,RIPCPI,2002-01-01
135,Kentucky,21,26057,KYPCPI,2002-01-01
136,Utah,49,25190,UTPCPI,2002-01-01
137,Kansas,20,29248,KSPCPI,2002-01-01
138,Mississippi,28,23219,MSPCPI,2002-01-01
139,Alaska,2,34756,AKPCPI,2002-01-01
140,Indiana,18,28918,INPCPI,2002-01-01
141,Alabama,1,25648,ALPCPI,2002-01-01
142,Illinois,17,34594,ILPCPI,2002-01-01
143,Arkansas,5,24306,ARPCPI,2002-01-01
144,Idaho,16,26233,IDPCPI,2002-01-01
145,Arizona,4,27353,AZPCPI,2002-01-01
146,Iowa,19,28772,IAPCPI,2002-01-01
147,California,6,34131,CAPCPI,2002-01-01
148,Hawaii,15,31257,HIPCPI,2002-01-01
149,Colorado,8,34438,COPCPI,2002-01-01
150,Georgia,13,30133,GAPCPI,2002-01-01
151,Connecticut,9,44697,CTPCPI,2002-01-01
152,Florida,12,30810,FLPCPI,2002-01-01
153,Rhode Island,44,34301,RIPCPI,2003-01-01
154,Colorado,8,34856,COPCPI,2003-01-01
155,Michigan,26,31279,MIPCPI,2003-01-01
156,Oklahoma,40,27198,OKPCPI,2003-01-01
157,Idaho,16,26728,IDPCPI,2003-01-01
158,North Dakota,38,29678,NDPCPI,2003-01-01
159,Wisconsin,55,32148,WIPCPI,2003-01-01
160,Vermont,50,32338,VTPCPI,2003-01-01
161,Missouri,29,30085,MOPCPI,2003-01-01
162,Utah,49,25792,UTPCPI,2003-01-01
163,North Carolina,37,28715,NCPCPI,2003-01-01
164,Arkansas,5,25595,ARPCPI,2003-01-01
165,Hawaii,15,32467,HIPCPI,2003-01-01
166,Kentucky,21,26687,KYPCPI,2003-01-01
167,Illinois,17,35212,ILPCPI,2003-01-01
168,Oregon,41,29526,ORPCPI,2003-01-01
169,Montana,30,26125,MTPCPI,2003-01-01
170,Tennessee,47,29098,TNPCPI,2003-01-01
171,Nevada,32,33121,NVPCPI,2003-01-01
172,West Virginia,54,24823,WVPCPI,2003-01-01
173,California,6,35272,CAPCPI,2003-01-01
174,Maryland,24,39394,MDPCPI,2003-01-01
175,Kansas,20,30074,KSPCPI,2003-01-01
176,Wyoming,56,33686,WYPCPI,2003-01-01
177,Louisiana,22,27022,LAPCPI,2003-01-01
178,New Hampshire,33,37371,NHPCPI,2003-01-01
179,Washington,53,34253,WAPCPI,2003-01-01
180,Ohio,39,30509,OHPCPI,2003-01-01
181,South Dakota,46,29972,SDPCPI,2003-01-01
182,District of Columbia,11,46011,DCPCPI,2003-01-01
183,Alabama,1,26673,ALPCPI,2003-01-01
184,Georgia,13,30896,GAPCPI,2003-01-01
185,New York,36,37576,NYPCPI,2003-01-01
186,Nebraska,31,32348,NEPCPI,2003-01-01
187,Virginia,51,36188,VAPCPI,2003-01-01
188,South Carolina,45,26832,SCPCPI,2003-01-01
189,Mississippi,28,24064,MSPCPI,2003-01-01
190,New Mexico,35,26097,NMPCPI,2003-01-01
191,Indiana,18,29521,INPCPI,2003-01-01
192,Pennsylvania,42,33170,PAPCPI,2003-01-01
193,Delaware,10,38065,DEPCPI,2003-01-01
194,Texas,48,30224,TXPCPI,2003-01-01
195,Florida,12,31785,FLPCPI,2003-01-01
196,New Jersey,34,41198,NJPCPI,2003-01-01
197,Massachusetts,25,40267,MAPCPI,2003-01-01
198,Iowa,19,29383,IAPCPI,2003-01-01
199,Arizona,4,28393,AZPCPI,2003-01-01
200,Alaska,2,35996,AKPCPI,2003-01-01
201,Maine,23,30805,MEPCPI,2003-01-01
202,Connecticut,9,44997,CTPCPI,2003-01-01
203,Minnesota,27,35293,MNPCPI,2003-01-01
204,Arkansas,5,27059,ARPCPI,2004-01-01
205,Connecticut,9,47238,CTPCPI,2004-01-01
206,Rhode Island,44,35927,RIPCPI,2004-01-01
207,Oklahoma,40,29264,OKPCPI,2004-01-01
208,Virginia,51,38139,VAPCPI,2004-01-01
209,New Mexico,35,27399,NMPCPI,2004-01-01
210,Vermont,50,34087,VTPCPI,2004-01-01
211,Texas,48,31195,TXPCPI,2004-01-01
212,Kentucky,21,28087,KYPCPI,2004-01-01
213,Utah,49,27018,UTPCPI,2004-01-01
214,Wyoming,56,36065,WYPCPI,2004-01-01
215,South Dakota,46,32025,SDPCPI,2004-01-01
216,Michigan,26,32168,MIPCPI,2004-01-01
217,Minnesota,27,37211,MNPCPI,2004-01-01
218,Colorado,8,35819,COPCPI,2004-01-01
219,Hawaii,15,34277,HIPCPI,2004-01-01
220,Montana,30,28131,MTPCPI,2004-01-01
221,Ohio,39,31660,OHPCPI,2004-01-01
222,Louisiana,22,28065,LAPCPI,2004-01-01
223,New York,36,39329,NYPCPI,2004-01-01
224,California,6,37070,CAPCPI,2004-01-01
225,West Virginia,54,25687,WVPCPI,2004-01-01
226,Iowa,19,31704,IAPCPI,2004-01-01
227,Maine,23,32211,MEPCPI,2004-01-01
228,South Carolina,45,27986,SCPCPI,2004-01-01
229,Arizona,4,30221,AZPCPI,2004-01-01
230,North Dakota,38,30107,NDPCPI,2004-01-01
231,Idaho,16,28317,IDPCPI,2004-01-01
232,Wisconsin,55,33424,WIPCPI,2004-01-01
233,Florida,12,33778,FLPCPI,2004-01-01
234,North Carolina,37,30635,NCPCPI,2004-01-01
235,Kansas,20,30843,KSPCPI,2004-01-01
236,Illinois,17,36519,ILPCPI,2004-01-01
237,Tennessee,47,30472,TNPCPI,2004-01-01
238,Nevada,32,35232,NVPCPI,2004-01-01
239,District of Columbia,11,50088,DCPCPI,2004-01-01
240,Maryland,24,41641,MDPCPI,2004-01-01
241,Oregon,41,30996,ORPCPI,2004-01-01
242,New Hampshire,33,39434,NHPCPI,2004-01-01
243,Missouri,29,31510,MOPCPI,2004-01-01
244,Washington,53,36378,WAPCPI,2004-01-01
245,Nebraska,31,33627,NEPCPI,2004-01-01
246,Delaware,10,38974,DEPCPI,2004-01-01
247,Pennsylvania,42,34984,PAPCPI,2004-01-01
248,Alabama,1,28434,ALPCPI,2004-01-01
249,Indiana,18,30791,INPCPI,2004-01-01
250,New Jersey,34,42876,NJPCPI,2004-01-01
251,Massachusetts,25,42407,MAPCPI,2004-01-01
252,Georgia,13,32034,GAPCPI,2004-01-01
253,Alaska,2,37016,AKPCPI,2004-01-01
254,Mississippi,28,25306,MSPCPI,2004-01-01
255,Ohio,39,32607,OHPCPI,2005-01-01
256,Minnesota,27,38065,MNPCPI,2005-01-01
257,Pennsylvania,42,36410,PAPCPI,2005-01-01
258,South Dakota,46,33788,SDPCPI,2005-01-01
259,Michigan,26,32946,MIPCPI,2005-01-01
260,Louisiana,22,30139,LAPCPI,2005-01-01
261,Georgia,13,33445,GAPCPI,2005-01-01
262,New York,36,40884,NYPCPI,2005-01-01
263,Maine,23,32925,MEPCPI,2005-01-01
264,North Carolina,37,32345,NCPCPI,2005-01-01
265,Tennessee,47,31548,TNPCPI,2005-01-01
266,Maryland,24,43515,MDPCPI,2005-01-01
267,Mississippi,28,26835,MSPCPI,2005-01-01
268,Nebraska,31,34666,NEPCPI,2005-01-01
269,Nevada,32,38109,NVPCPI,2005-01-01
270,Texas,48,33276,TXPCPI,2005-01-01
271,Massachusetts,25,44371,MAPCPI,2005-01-01
272,Rhode Island,44,36984,RIPCPI,2005-01-01
273,Virginia,51,40167,VAPCPI,2005-01-01
274,New Mexico,35,28858,NMPCPI,2005-01-01
275,Kentucky,21,29241,KYPCPI,2005-01-01
276,Utah,49,28927,UTPCPI,2005-01-01
277,Connecticut,9,49738,CTPCPI,2005-01-01
278,Vermont,50,34878,VTPCPI,2005-01-01
279,Kansas,20,32545,KSPCPI,2005-01-01
280,Alaska,2,39075,AKPCPI,2005-01-01
281,Florida,12,35999,FLPCPI,2005-01-01
282,New Jersey,34,44467,NJPCPI,2005-01-01
283,Indiana,18,31566,INPCPI,2005-01-01
284,Alabama,1,29949,ALPCPI,2005-01-01
285,Washington,53,37384,WAPCPI,2005-01-01
286,New Hampshire,33,40619,NHPCPI,2005-01-01
287,Illinois,17,37975,ILPCPI,2005-01-01
288,Arkansas,5,28227,ARPCPI,2005-01-01
289,District of Columbia,11,52947,DCPCPI,2005-01-01
290,Wisconsin,55,34447,WIPCPI,2005-01-01
291,Idaho,16,29392,IDPCPI,2005-01-01
292,Arizona,4,32327,AZPCPI,2005-01-01
293,North Dakota,38,31967,NDPCPI,2005-01-01
294,West Virginia,54,26981,WVPCPI,2005-01-01
295,Iowa,19,32621,IAPCPI,2005-01-01
296,California,6,38932,CAPCPI,2005-01-01
297,Montana,30,30074,MTPCPI,2005-01-01
298,Hawaii,15,36375,HIPCPI,2005-01-01
299,Colorado,8,37797,COPCPI,2005-01-01
300,Wyoming,56,39385,WYPCPI,2005-01-01
301,Oklahoma,40,31856,OKPCPI,2005-01-01
302,Delaware,10,39370,DEPCPI,2005-01-01
303,Missouri,29,32467,MOPCPI,2005-01-01
304,Oregon,41,32296,ORPCPI,2005-01-01
305,South Carolina,45,29285,SCPCPI,2005-01-01
306,Wisconsin,55,36338,WIPCPI,2006-01-01
307,Connecticut,9,53696,CTPCPI,2006-01-01
308,North Carolina,37,34385,NCPCPI,2006-01-01
309,Alaska,2,41157,AKPCPI,2006-01-01
310,Montana,30,32193,MTPCPI,2006-01-01
311,District of Columbia,11,55805,DCPCPI,2006-01-01
312,Mississippi,28,27981,MSPCPI,2006-01-01
313,Louisiana,22,33850,LAPCPI,2006-01-01
314,New York,36,44128,NYPCPI,2006-01-01
315,Idaho,16,31476,IDPCPI,2006-01-01
316,Alabama,1,31474,ALPCPI,2006-01-01
317,Minnesota,27,39667,MNPCPI,2006-01-01
318,Kentucky,21,30660,KYPCPI,2006-01-01
319,California,6,41746,CAPCPI,2006-01-01
320,Nevada,32,39767,NVPCPI,2006-01-01
321,Arizona,4,34703,AZPCPI,2006-01-01
322,Nebraska,31,36019,NEPCPI,2006-01-01
323,Maine,23,34451,MEPCPI,2006-01-01
324,Georgia,13,34791,GAPCPI,2006-01-01
325,Virginia,51,42385,VAPCPI,2006-01-01
326,Iowa,19,34448,IAPCPI,2006-01-01
327,North Dakota,38,33357,NDPCPI,2006-01-01
328,Washington,53,40027,WAPCPI,2006-01-01
329,Oregon,41,34716,ORPCPI,2006-01-01
330,Texas,48,35630,TXPCPI,2006-01-01
331,Delaware,10,41053,DEPCPI,2006-01-01
332,West Virginia,54,28704,WVPCPI,2006-01-01
333,Utah,49,31327,UTPCPI,2006-01-01
334,South Carolina,45,30984,SCPCPI,2006-01-01
335,Kansas,20,35690,KSPCPI,2006-01-01
336,Maryland,24,45576,MDPCPI,2006-01-01
337,Ohio,39,34214,OHPCPI,2006-01-01
338,New Hampshire,33,43153,NHPCPI,2006-01-01
339,Wyoming,56,44492,WYPCPI,2006-01-01
340,Tennessee,47,33065,TNPCPI,2006-01-01
341,Rhode Island,44,39028,RIPCPI,2006-01-01
342,Pennsylvania,42,38109,PAPCPI,2006-01-01
343,Illinois,17,40365,ILPCPI,2006-01-01
344,Oklahoma,40,34854,OKPCPI,2006-01-01
345,South Dakota,46,35299,SDPCPI,2006-01-01
346,New Mexico,35,30597,NMPCPI,2006-01-01
347,Michigan,26,33812,MIPCPI,2006-01-01
348,Indiana,18,33123,INPCPI,2006-01-01
349,Arkansas,5,29617,ARPCPI,2006-01-01
350,New Jersey,34,47695,NJPCPI,2006-01-01
351,Colorado,8,40137,COPCPI,2006-01-01
352,Vermont,50,37008,VTPCPI,2006-01-01
353,Missouri,29,34119,MOPCPI,2006-01-01
354,Hawaii,15,38480,HIPCPI,2006-01-01
355,Florida,12,38386,FLPCPI,2006-01-01
356,Massachusetts,25,47750,MAPCPI,2006-01-01
357,Massachusetts,25,50085,MAPCPI,2007-01-01
358,Oklahoma,40,35711,OKPCPI,2007-01-01
359,New Jersey,34,50473,NJPCPI,2007-01-01
360,Virginia,51,44248,VAPCPI,2007-01-01
361,Nevada,32,40212,NVPCPI,2007-01-01
362,Indiana,18,34055,INPCPI,2007-01-01
363,Washington,53,42819,WAPCPI,2007-01-01
364,Alabama,1,32739,ALPCPI,2007-01-01
365,Nebraska,31,38531,NEPCPI,2007-01-01
366,Maryland,24,47327,MDPCPI,2007-01-01
367,Ohio,39,35629,OHPCPI,2007-01-01
368,Tennessee,47,34164,TNPCPI,2007-01-01
369,Illinois,17,42513,ILPCPI,2007-01-01
370,New Hampshire,33,44695,NHPCPI,2007-01-01
371,Arkansas,5,31303,ARPCPI,2007-01-01
372,Minnesota,27,41655,MNPCPI,2007-01-01
373,Georgia,13,35680,GAPCPI,2007-01-01
374,Wisconsin,55,37816,WIPCPI,2007-01-01
375,Missouri,29,35502,MOPCPI,2007-01-01
376,North Carolina,37,36211,NCPCPI,2007-01-01
377,Idaho,16,32707,IDPCPI,2007-01-01
378,Maine,23,35686,MEPCPI,2007-01-01
379,Arizona,4,35872,AZPCPI,2007-01-01
380,South Carolina,45,32402,SCPCPI,2007-01-01
381,District of Columbia,11,59824,DCPCPI,2007-01-01
382,North Dakota,38,36709,NDPCPI,2007-01-01
383,West Virginia,54,29711,WVPCPI,2007-01-01
384,Oregon,41,35879,ORPCPI,2007-01-01
385,Iowa,19,36680,IAPCPI,2007-01-01
386,New York,36,47428,NYPCPI,2007-01-01
387,California,6,43385,CAPCPI,2007-01-01
388,Louisiana,22,36432,LAPCPI,2007-01-01
389,Mississippi,28,29554,MSPCPI,2007-01-01
390,Pennsylvania,42,40337,PAPCPI,2007-01-01
391,Montana,30,34183,MTPCPI,2007-01-01
392,Michigan,26,34929,MIPCPI,2007-01-01
393,Hawaii,15,40490,HIPCPI,2007-01-01
394,Wyoming,56,46278,WYPCPI,2007-01-01
395,Colorado,8,42074,COPCPI,2007-01-01
396,Florida,12,39594,FLPCPI,2007-01-01
397,South Dakota,46,38748,SDPCPI,2007-01-01
398,Delaware,10,41733,DEPCPI,2007-01-01
399,Kentucky,21,31728,KYPCPI,2007-01-01
400,Utah,49,33165,UTPCPI,2007-01-01
401,Texas,48,37085,TXPCPI,2007-01-01
402,New Mexico,35,31950,NMPCPI,2007-01-01
403,Vermont,50,38944,VTPCPI,2007-01-01
404,Connecticut,9,57684,CTPCPI,2007-01-01
405,Rhode Island,44,40894,RIPCPI,2007-01-01
406,Kansas,20,38057,KSPCPI,2007-01-01
407,Alaska,2,43906,AKPCPI,2007-01-01
408,Wisconsin,55,39055,WIPCPI,2008-01-01
409,Michigan,26,35969,MIPCPI,2008-01-01
410,Ohio,39,36827,OHPCPI,2008-01-01
411,Pennsylvania,42,41728,PAPCPI,2008-01-01
412,New Hampshire,33,45886,NHPCPI,2008-01-01
413,Texas,48,39946,TXPCPI,2008-01-01
414,Hawaii,15,41969,HIPCPI,2008-01-01
415,Connecticut,9,60970,CTPCPI,2008-01-01
416,Colorado,8,42953,COPCPI,2008-01-01
417,Nevada,32,38836,NVPCPI,2008-01-01
418,Tennessee,47,35059,TNPCPI,2008-01-01
419,Mississippi,28,30785,MSPCPI,2008-01-01
420,Arkansas,5,32306,ARPCPI,2008-01-01
421,New Jersey,34,51779,NJPCPI,2008-01-01
422,Illinois,17,43460,ILPCPI,2008-01-01
423,Georgia,13,35438,GAPCPI,2008-01-01
424,Maryland,24,49186,MDPCPI,2008-01-01
425,Rhode Island,44,41638,RIPCPI,2008-01-01
426,South Dakota,46,41168,SDPCPI,2008-01-01
427,Delaware,10,40894,DEPCPI,2008-01-01
428,Virginia,51,45514,VAPCPI,2008-01-01
429,Kentucky,21,33002,KYPCPI,2008-01-01
430,Washington,53,44241,WAPCPI,2008-01-01
431,Utah,49,33941,UTPCPI,2008-01-01
432,Oklahoma,40,39325,OKPCPI,2008-01-01
433,Nebraska,31,40535,NEPCPI,2008-01-01
434,Minnesota,27,43161,MNPCPI,2008-01-01
435,South Carolina,45,33234,SCPCPI,2008-01-01
436,District of Columbia,11,60887,DCPCPI,2008-01-01
437,West Virginia,54,31607,WVPCPI,2008-01-01
438,New York,36,48184,NYPCPI,2008-01-01
439,North Dakota,38,41075,NDPCPI,2008-01-01
440,Oregon,41,36992,ORPCPI,2008-01-01
441,Alabama,1,33583,ALPCPI,2008-01-01
442,Iowa,19,38703,IAPCPI,2008-01-01
443,Kansas,20,41257,KSPCPI,2008-01-01
444,California,6,43567,CAPCPI,2008-01-01
445,New Mexico,35,33649,NMPCPI,2008-01-01
446,Arizona,4,35748,AZPCPI,2008-01-01
447,Idaho,16,32841,IDPCPI,2008-01-01
448,Missouri,29,37312,MOPCPI,2008-01-01
449,Maine,23,37163,MEPCPI,2008-01-01
450,Florida,12,39401,FLPCPI,2008-01-01
451,Massachusetts,25,51810,MAPCPI,2008-01-01
452,Louisiana,22,38522,LAPCPI,2008-01-01
453,Vermont,50,41022,VTPCPI,2008-01-01
454,Alaska,2,47869,AKPCPI,2008-01-01
455,North Carolina,37,37835,NCPCPI,2008-01-01
456,Indiana,18,35408,INPCPI,2008-01-01
457,Montana,30,35792,MTPCPI,2008-01-01
458,Wyoming,56,49746,WYPCPI,2008-01-01
459,Delaware,10,40856,DEPCPI,2009-01-01
460,Texas,48,37269,TXPCPI,2009-01-01
461,Wyoming,56,44564,WYPCPI,2009-01-01
462,West Virginia,54,31718,WVPCPI,2009-01-01
463,Wisconsin,55,38182,WIPCPI,2009-01-01
464,Washington,53,41591,WAPCPI,2009-01-01
465,Vermont,50,40479,VTPCPI,2009-01-01
466,Virginia,51,44087,VAPCPI,2009-01-01
467,Tennessee,47,34446,TNPCPI,2009-01-01
468,South Dakota,46,39518,SDPCPI,2009-01-01
469,South Carolina,45,32010,SCPCPI,2009-01-01
470,Missouri,29,36385,MOPCPI,2009-01-01
471,Minnesota,27,41079,MNPCPI,2009-01-01
472,Michigan,26,34307,MIPCPI,2009-01-01
473,Maine,23,37157,MEPCPI,2009-01-01
474,Maryland,24,48448,MDPCPI,2009-01-01
475,Massachusetts,25,50772,MAPCPI,2009-01-01
476,Kentucky,21,32397,KYPCPI,2009-01-01
477,Kansas,20,39431,KSPCPI,2009-01-01
478,Indiana,18,34267,INPCPI,2009-01-01
479,Illinois,17,41180,ILPCPI,2009-01-01
480,Idaho,16,31281,IDPCPI,2009-01-01
481,Iowa,19,37286,IAPCPI,2009-01-01
482,Hawaii,15,41082,HIPCPI,2009-01-01
483,Georgia,13,34274,GAPCPI,2009-01-01
484,Florida,12,36818,FLPCPI,2009-01-01
485,District of Columbia,11,60143,DCPCPI,2009-01-01
486,Connecticut,9,59684,CTPCPI,2009-01-01
487,Colorado,8,40093,COPCPI,2009-01-01
488,California,6,41689,CAPCPI,2009-01-01
489,Arizona,4,33524,AZPCPI,2009-01-01
490,Arkansas,5,31472,ARPCPI,2009-01-01
491,Alabama,1,32769,ALPCPI,2009-01-01
492,Alaska,2,47258,AKPCPI,2009-01-01
493,Utah,49,31858,UTPCPI,2009-01-01
494,Rhode Island,44,40610,RIPCPI,2009-01-01
495,Nebraska,31,39535,NEPCPI,2009-01-01
496,North Carolina,37,35933,NCPCPI,2009-01-01
497,Louisiana,22,36930,LAPCPI,2009-01-01
498,Pennsylvania,42,40530,PAPCPI,2009-01-01
499,Oregon,41,35313,ORPCPI,2009-01-01
500,Oklahoma,40,35917,OKPCPI,2009-01-01
501,Ohio,39,35755,OHPCPI,2009-01-01
502,New York,36,47027,NYPCPI,2009-01-01
503,Nevada,32,36231,NVPCPI,2009-01-01
504,New Mexico,35,32911,NMPCPI,2009-01-01
505,New Jersey,34,49854,NJPCPI,2009-01-01
506,New Hampshire,33,45101,NHPCPI,2009-01-01
507,North Dakota,38,40212,NDPCPI,2009-01-01
508,Montana,30,34689,MTPCPI,2009-01-01
509,Mississippi,28,30157,MSPCPI,2009-01-01
510,Connecticut,9,61743,CTPCPI,2010-01-01
511,Michigan,26,35760,MIPCPI,2010-01-01
512,Idaho,16,32097,IDPCPI,2010-01-01
513,South Dakota,46,41423,SDPCPI,2010-01-01
514,Delaware,10,40942,DEPCPI,2010-01-01
515,New Mexico,35,33710,NMPCPI,2010-01-01
516,Minnesota,27,42724,MNPCPI,2010-01-01
517,New Hampshire,33,47098,NHPCPI,2010-01-01
518,Texas,48,39034,TXPCPI,2010-01-01
519,Vermont,50,41733,VTPCPI,2010-01-01
520,Arkansas,5,32372,ARPCPI,2010-01-01
521,Utah,49,32218,UTPCPI,2010-01-01
522,Ohio,39,36854,OHPCPI,2010-01-01
523,Iowa,19,38312,IAPCPI,2010-01-01
524,Oklahoma,40,37276,OKPCPI,2010-01-01
525,District of Columbia,11,63368,DCPCPI,2010-01-01
526,Hawaii,15,41574,HIPCPI,2010-01-01
527,Tennessee,47,35851,TNPCPI,2010-01-01
528,California,6,43246,CAPCPI,2010-01-01
529,Colorado,8,40790,COPCPI,2010-01-01
530,New Jersey,34,51076,NJPCPI,2010-01-01
531,Virginia,51,45513,VAPCPI,2010-01-01
532,Pennsylvania,42,42251,PAPCPI,2010-01-01
533,Alaska,2,49652,AKPCPI,2010-01-01
534,Kentucky,21,33409,KYPCPI,2010-01-01
535,Louisiana,22,38242,LAPCPI,2010-01-01
536,Kansas,20,39960,KSPCPI,2010-01-01
537,Massachusetts,25,52894,MAPCPI,2010-01-01
538,North Carolina,37,35872,NCPCPI,2010-01-01
539,Mississippi,28,31287,MSPCPI,2010-01-01
540,Montana,30,36393,MTPCPI,2010-01-01
541,Wyoming,56,46649,WYPCPI,2010-01-01
542,Arizona,4,33876,AZPCPI,2010-01-01
543,Oregon,41,36036,ORPCPI,2010-01-01
544,Missouri,29,37118,MOPCPI,2010-01-01
545,Maine,23,38106,MEPCPI,2010-01-01
546,Wisconsin,55,39175,WIPCPI,2010-01-01
547,Nebraska,31,41248,NEPCPI,2010-01-01
548,New York,36,48768,NYPCPI,2010-01-01
549,Illinois,17,42278,ILPCPI,2010-01-01
550,West Virginia,54,32762,WVPCPI,2010-01-01
551,South Carolina,45,32852,SCPCPI,2010-01-01
552,Florida,12,38872,FLPCPI,2010-01-01
553,Rhode Island,44,42766,RIPCPI,2010-01-01
554,Indiana,18,35695,INPCPI,2010-01-01
555,North Dakota,38,44264,NDPCPI,2010-01-01
556,Georgia,13,34829,GAPCPI,2010-01-01
557,Alabama,1,33946,ALPCPI,2010-01-01
558,Washington,53,42348,WAPCPI,2010-01-01
559,Maryland,24,49668,MDPCPI,2010-01-01
560,Nevada,32,37494,NVPCPI,2010-01-01
