FIPS Code,Geography,Year,Program Type,Population,County,Land Area (sq mi.),Population Density (person/sq.mi.),Population Growth Rate(10yr) ,Annual Population Growth Rate,2-Year Growth Rate,3-Year Growth Rate,4-Year Growth Rate,5-Year Growth Rate
36001,Albany County,1970,Census Base Population,286742,Albany,522.8,548.4736037,,,,,,
36001,Albany County,1980,Census Base Population,285909,Albany,522.8,546.8802601,-0.002905051,,,,,
36001,Albany County,1990,Census Base Population,292812,Albany,522.8,560.0841622,0.024144046,,,,,
36001,Albany County,2000,Census Base Population,294601,Albany,522.8,563.5061209,0.006109722,,,,,
36001,Albany County,2010,Census Base Population,304199,Albany,522.8,581.8649579,0.032579659,,,,,
36001,Albany County,2020,Census Base Population,314848,Albany,522.8,602.2341239,0.03500669,,,,,
36003,Allegany County,1970,Census Base Population,46458,Allegany,1029.31,45.1350905,0,,,,,
36003,Allegany County,1980,Census Base Population,51742,Allegany,1029.31,50.26862656,0.113737139,,,,,
36003,Allegany County,1990,Census Base Population,50470,Allegany,1029.31,49.03284725,-0.02458351,,,,,
36003,Allegany County,2000,Census Base Population,49881,Allegany,1029.31,48.46061925,-0.011670299,,,,,
36003,Allegany County,2010,Census Base Population,48923,Allegany,1029.31,47.52989867,-0.01920571,,,,,
36003,Allegany County,2020,Census Base Population,46456,Allegany,1029.31,45.13314745,-0.05042618,,,,,
36005,Bronx County,1970,Census Base Population,1471701,Bronx,42.1,34957.26841,0,,,,,
36005,Bronx County,1980,Census Base Population,1168972,Bronx,42.1,27766.55582,-0.205700071,,,,,
36005,Bronx County,1990,Census Base Population,1203789,Bronx,42.1,28593.56295,0.029784289,,,,,
36005,Bronx County,2000,Census Base Population,1332244,Bronx,42.1,31644.75059,0.1067089,,,,,
36005,Bronx County,2010,Census Base Population,1384224,Bronx,42.1,32879.42993,0.039016877,,,,,
36005,Bronx County,2020,Census Base Population,1472654,Bronx,42.1,34979.90499,0.063884169,,,,,
36007,Broome County,1970,Census Base Population,221815,Broome,705.77,314.2879408,0,,,,,
36007,Broome County,1980,Census Base Population,213648,Broome,705.77,302.7161823,-0.036818971,,,,,
36007,Broome County,1990,Census Base Population,212160,Broome,705.77,300.6078467,-0.006964727,,,,,
36007,Broome County,2000,Census Base Population,200415,Broome,705.77,283.966448,-0.055359163,,,,,
36007,Broome County,2010,Census Base Population,200670,Broome,705.77,284.3277555,0.00127236,,,,,
36007,Broome County,2020,Census Base Population,198683,Broome,705.77,281.5123907,-0.009901829,,,,,
36009,Cattaraugus County,1970,Census Base Population,81666,Cattaraugus,1308.35,62.41907746,0,,,,,
36009,Cattaraugus County,1980,Census Base Population,85697,Cattaraugus,1308.35,65.50005732,0.049359587,,,,,
36009,Cattaraugus County,1990,Census Base Population,84234,Cattaraugus,1308.35,64.38185501,-0.017071776,,,,,
36009,Cattaraugus County,2000,Census Base Population,83874,Cattaraugus,1308.35,64.10669928,-0.004273809,,,,,
36009,Cattaraugus County,2010,Census Base Population,80337,Cattaraugus,1308.35,61.40329423,-0.042170398,,,,,
36009,Cattaraugus County,2020,Census Base Population,77042,Cattaraugus,1308.35,58.88485497,-0.041014725,,,,,
36011,Cayuga County,1970,Census Base Population,77439,Cayuga,691.58,111.9740305,0,,,,,
36011,Cayuga County,1980,Census Base Population,79894,Cayuga,691.58,115.5238729,0.031702372,,,,,
36011,Cayuga County,1990,Census Base Population,82313,Cayuga,691.58,119.0216605,0.030277618,,,,,
36011,Cayuga County,2000,Census Base Population,81910,Cayuga,691.58,118.4389369,-0.004895946,,,,,
36011,Cayuga County,2010,Census Base Population,80022,Cayuga,691.58,115.7089563,-0.023049689,,,,,
36011,Cayuga County,2020,Census Base Population,76248,Cayuga,691.58,110.251887,-0.04716203,,,,,
36013,Chautauqua County,1970,Census Base Population,147305,Chautauqua,1060.23,138.9368345,0,,,,,
36013,Chautauqua County,1980,Census Base Population,146925,Chautauqua,1060.23,138.5784217,-0.002579682,,,,,
36013,Chautauqua County,1990,Census Base Population,141895,Chautauqua,1060.23,133.8341681,-0.034235154,,,,,
36013,Chautauqua County,2000,Census Base Population,139698,Chautauqua,1060.23,131.7619762,-0.01548328,,,,,
36013,Chautauqua County,2010,Census Base Population,134907,Chautauqua,1060.23,127.2431454,-0.034295409,,,,,
36013,Chautauqua County,2020,Census Base Population,127657,Chautauqua,1060.23,120.4050065,-0.053740725,,,,,
36015,Chemung County,1970,Census Base Population,101537,Chemung,407.35,249.2623051,0,,,,,
36015,Chemung County,1980,Census Base Population,97656,Chemung,407.35,239.7348717,-0.03822252,,,,,
36015,Chemung County,1990,Census Base Population,95195,Chemung,407.35,233.6933841,-0.025200705,,,,,
36015,Chemung County,2000,Census Base Population,91119,Chemung,407.35,223.6872468,-0.042817375,,,,,
36015,Chemung County,2010,Census Base Population,88846,Chemung,407.35,218.1072788,-0.024945401,,,,,
36015,Chemung County,2020,Census Base Population,84148,Chemung,407.35,206.5741991,-0.052878014,,,,,
36017,Chenango County,1970,Census Base Population,46368,Chenango,893.55,51.89189189,0,,,,,
36017,Chenango County,1980,Census Base Population,49344,Chenango,893.55,55.2224274,0.064182195,,,,,
36017,Chenango County,1990,Census Base Population,51768,Chenango,893.55,57.93520228,0.049124514,,,,,
36017,Chenango County,2000,Census Base Population,51356,Chenango,893.55,57.47412008,-0.007958584,,,,,
36017,Chenango County,2010,Census Base Population,50516,Chenango,893.55,56.53404958,-0.016356414,,,,,
36017,Chenango County,2020,Census Base Population,47220,Chenango,893.55,52.84539198,-0.065246655,,,,,
36019,Clinton County,1970,Census Base Population,72934,Clinton,1037.85,70.27412439,0,,,,,
36019,Clinton County,1980,Census Base Population,80750,Clinton,1037.85,77.80507781,0.107165382,,,,,
36019,Clinton County,1990,Census Base Population,85969,Clinton,1037.85,82.83374283,0.064631579,,,,,
36019,Clinton County,2000,Census Base Population,79882,Clinton,1037.85,76.96873344,-0.070804592,,,,,
36019,Clinton County,2010,Census Base Population,82131,Clinton,1037.85,79.13571325,0.028154027,,,,,
36019,Clinton County,2020,Census Base Population,79843,Clinton,1037.85,76.93115575,-0.027857934,,,,,
36021,Columbia County,1970,Census Base Population,51519,Columbia,634.7,81.17063179,0,,,,,
36021,Columbia County,1980,Census Base Population,59487,Columbia,634.7,93.7245943,0.154661387,,,,,
36021,Columbia County,1990,Census Base Population,62982,Columbia,634.7,99.23113282,0.058752332,,,,,
36021,Columbia County,2000,Census Base Population,63074,Columbia,634.7,99.37608319,0.001460735,,,,,
36021,Columbia County,2010,Census Base Population,63063,Columbia,634.7,99.35875217,-0.000174398,,,,,
36021,Columbia County,2020,Census Base Population,61570,Columbia,634.7,97.00645974,-0.023674738,,,,,
36023,Cortland County,1970,Census Base Population,45894,Cortland,498.76,92.01620018,0,,,,,
36023,Cortland County,1980,Census Base Population,48820,Cortland,498.76,97.88274922,0.063755611,,,,,
36023,Cortland County,1990,Census Base Population,48963,Cortland,498.76,98.16946026,0.002929127,,,,,
36023,Cortland County,2000,Census Base Population,48704,Cortland,498.76,97.65017243,-0.005289709,,,,,
36023,Cortland County,2010,Census Base Population,49287,Cortland,498.76,98.8190713,0.011970269,,,,,
36023,Cortland County,2020,Census Base Population,46809,Cortland,498.76,93.85074986,-0.050276949,,,,,
36025,Delaware County,1970,Census Base Population,44718,Delaware,1442.44,31.00163612,0,,,,,
36025,Delaware County,1980,Census Base Population,46824,Delaware,1442.44,32.46166218,0.047095129,,,,,
36025,Delaware County,1990,Census Base Population,47352,Delaware,1442.44,32.8277086,0.011276269,,,,,
36025,Delaware County,2000,Census Base Population,47894,Delaware,1442.44,33.2034608,0.01144619,,,,,
36025,Delaware County,2010,Census Base Population,47962,Delaware,1442.44,33.25060314,0.001419802,,,,,
36025,Delaware County,2020,Census Base Population,44308,Delaware,1442.44,30.71739552,-0.076185313,,,,,
36027,Dutchess County,1970,Census Base Population,222295,Dutchess,795.63,279.3949449,0,,,,,
36027,Dutchess County,1980,Census Base Population,245055,Dutchess,795.63,308.0012066,0.102386468,,,,,
36027,Dutchess County,1990,Census Base Population,259462,Dutchess,795.63,326.1088697,0.058790884,,,,,
36027,Dutchess County,2000,Census Base Population,280032,Dutchess,795.63,351.9625957,0.079279432,,,,,
36027,Dutchess County,2010,Census Base Population,297444,Dutchess,795.63,373.84714,0.062178608,,,,,
36027,Dutchess County,2020,Census Base Population,295911,Dutchess,795.63,371.920365,-0.005153911,,,,,
36029,Erie County,1970,Census Base Population,1113491,Erie,1042.69,1067.902253,0,,,,,
36029,Erie County,1980,Census Base Population,1015472,Erie,1042.69,973.8963642,-0.088028552,,,,,
36029,Erie County,1990,Census Base Population,968584,Erie,1042.69,928.9280611,-0.046173602,,,,,
36029,Erie County,2000,Census Base Population,950227,Erie,1042.69,911.3226366,-0.018952409,,,,,
36029,Erie County,2010,Census Base Population,919129,Erie,1042.69,881.4978565,-0.032726917,,,,,
36029,Erie County,2020,Census Base Population,954236,Erie,1042.69,915.1674994,0.038195944,,,,,
36031,Essex County,1970,Census Base Population,34631,Essex,1794.23,19.30131588,0,,,,,
36031,Essex County,1980,Census Base Population,36176,Essex,1794.23,20.1624095,0.044613208,,,,,
36031,Essex County,1990,Census Base Population,37152,Essex,1794.23,20.70637544,0.026979213,,,,,
36031,Essex County,2000,Census Base Population,38893,Essex,1794.23,21.67670811,0.046861542,,,,,
36031,Essex County,2010,Census Base Population,39371,Essex,1794.23,21.94311766,0.012290129,,,,,
36031,Essex County,2020,Census Base Population,37381,Essex,1794.23,20.83400679,-0.050544817,,,,,
36033,Franklin County,1970,Census Base Population,43931,Franklin,1629.12,26.96609212,0,,,,,
36033,Franklin County,1980,Census Base Population,44929,Franklin,1629.12,27.57869279,0.022717443,,,,,
36033,Franklin County,1990,Census Base Population,46540,Franklin,1629.12,28.56757022,0.035856574,,,,,
36033,Franklin County,2000,Census Base Population,51110,Franklin,1629.12,31.37276566,0.098195101,,,,,
36033,Franklin County,2010,Census Base Population,51597,Franklin,1629.12,31.67170006,0.009528468,,,,,
36033,Franklin County,2020,Census Base Population,47555,Franklin,1629.12,29.19060597,-0.078337888,,,,,
36035,Fulton County,1970,Census Base Population,52637,Fulton,495.47,106.2365027,0,,,,,
36035,Fulton County,1980,Census Base Population,55153,Fulton,495.47,111.3145095,0.047799077,,,,,
36035,Fulton County,1990,Census Base Population,54191,Fulton,495.47,109.3729186,-0.017442388,,,,,
36035,Fulton County,2000,Census Base Population,55053,Fulton,495.47,111.1126809,0.0159067,,,,,
36035,Fulton County,2010,Census Base Population,55509,Fulton,495.47,112.0330192,0.008282927,,,,,
36035,Fulton County,2020,Census Base Population,53324,Fulton,495.47,107.623065,-0.039362986,,,,,
36037,Genesee County,1970,Census Base Population,58722,Genesee,492.94,119.12606,0,,,,,
36037,Genesee County,1980,Census Base Population,59400,Genesee,492.94,120.5014809,0.011545928,,,,,
36037,Genesee County,1990,Census Base Population,60060,Genesee,492.94,121.8403863,0.011111111,,,,,
36037,Genesee County,2000,Census Base Population,60548,Genesee,492.94,122.8303648,0.008125208,,,,,
36037,Genesee County,2010,Census Base Population,59937,Genesee,492.94,121.590863,-0.010091167,,,,,
36037,Genesee County,2020,Census Base Population,58388,Genesee,492.94,118.4484927,-0.025843803,,,,,
36039,Greene County,1970,Census Base Population,33136,Greene,647.16,51.20217566,0,,,,,
36039,Greene County,1980,Census Base Population,40861,Greene,647.16,63.13894555,0.23313013,,,,,
36039,Greene County,1990,Census Base Population,44739,Greene,647.16,69.13128129,0.094907124,,,,,
36039,Greene County,2000,Census Base Population,48021,Greene,647.16,74.20267013,0.073358814,,,,,
36039,Greene County,2010,Census Base Population,49212,Greene,647.16,76.04301873,0.024801649,,,,,
36039,Greene County,2020,Census Base Population,47931,Greene,647.16,74.06360096,-0.026030237,,,,,
36041,Hamilton County,1970,Census Base Population,4714,Hamilton,1717.37,2.74489481,0,,,,,
36041,Hamilton County,1980,Census Base Population,5034,Hamilton,1717.37,2.931226235,0.067882902,,,,,
36041,Hamilton County,1990,Census Base Population,5279,Hamilton,1717.37,3.073886233,0.04866905,,,,,
36041,Hamilton County,2000,Census Base Population,5376,Hamilton,1717.37,3.130367946,0.018374692,,,,,
36041,Hamilton County,2010,Census Base Population,4842,Hamilton,1717.37,2.81942738,-0.099330357,,,,,
36041,Hamilton County,2020,Census Base Population,5107,Hamilton,1717.37,2.973733092,0.054729451,,,,,
36043,Herkimer County,1970,Census Base Population,67407,Herkimer,1411.47,47.75659419,0,,,,,
36043,Herkimer County,1980,Census Base Population,66714,Herkimer,1411.47,47.2656167,-0.010280831,,,,,
36043,Herkimer County,1990,Census Base Population,65809,Herkimer,1411.47,46.62444119,-0.013565369,,,,,
36043,Herkimer County,2000,Census Base Population,64502,Herkimer,1411.47,45.69845622,-0.019860505,,,,,
36043,Herkimer County,2010,Census Base Population,64469,Herkimer,1411.47,45.67507634,-0.000511612,,,,,
36043,Herkimer County,2020,Census Base Population,60139,Herkimer,1411.47,42.60735262,-0.067164063,,,,,
36045,Jefferson County,1970,Census Base Population,88508,Jefferson,1268.59,69.76879843,0,,,,,
36045,Jefferson County,1980,Census Base Population,88151,Jefferson,1268.59,69.48738363,-0.004033534,,,,,
36045,Jefferson County,1990,Census Base Population,110943,Jefferson,1268.59,87.45378728,0.258556341,,,,,
36045,Jefferson County,2000,Census Base Population,111716,Jefferson,1268.59,88.0631252,0.006967542,,,,,
36045,Jefferson County,2010,Census Base Population,116234,Jefferson,1268.59,91.62455955,0.040441835,,,,,
36045,Jefferson County,2020,Census Base Population,116721,Jefferson,1268.59,92.00845033,0.004189824,,,,,
36047,Kings County,1970,Census Base Population,2602012,Kings,70.82,36741.20305,0,,,,,
36047,Kings County,1980,Census Base Population,2231028,Kings,70.82,31502.79582,-0.142575822,,,,,
36047,Kings County,1990,Census Base Population,2300664,Kings,70.82,32486.07738,0.031212517,,,,,
36047,Kings County,2000,Census Base Population,2465689,Kings,70.82,34816.28071,0.071729292,,,,,
36047,Kings County,2010,Census Base Population,2504856,Kings,70.82,35369.3307,0.015884809,,,,,
36047,Kings County,2020,Census Base Population,2736074,Kings,70.82,38634.19938,0.092307901,,,,,
36049,Lewis County,1970,Census Base Population,23644,Lewis,1274.68,18.54896915,0,,,,,
36049,Lewis County,1980,Census Base Population,25035,Lewis,1274.68,19.64022343,0.058830993,,,,,
36049,Lewis County,1990,Census Base Population,26796,Lewis,1274.68,21.02174663,0.070341522,,,,,
36049,Lewis County,2000,Census Base Population,26946,Lewis,1274.68,21.13942323,0.00559785,,,,,
36049,Lewis County,2010,Census Base Population,27087,Lewis,1274.68,21.25003923,0.005232688,,,,,
36049,Lewis County,2020,Census Base Population,26582,Lewis,1274.68,20.85386136,-0.01864363,,,,,
36051,Livingston County,1970,Census Base Population,54041,Livingston,631.76,85.54039509,0,,,,,
36051,Livingston County,1980,Census Base Population,57006,Livingston,631.76,90.23363303,0.05486575,,,,,
36051,Livingston County,1990,Census Base Population,62372,Livingston,631.76,98.72736482,0.094130442,,,,,
36051,Livingston County,2000,Census Base Population,64631,Livingston,631.76,102.3030898,0.036218175,,,,,
36051,Livingston County,2010,Census Base Population,65194,Livingston,631.76,103.194251,0.00871099,,,,,
36051,Livingston County,2020,Census Base Population,61834,Livingston,631.76,97.87577561,-0.051538485,,,,,
36053,Madison County,1970,Census Base Population,62864,Madison,654.84,95.99902266,0,,,,,
36053,Madison County,1980,Census Base Population,65150,Madison,654.84,99.48995174,0.036364215,,,,,
36053,Madison County,1990,Census Base Population,69166,Madison,654.84,105.6227475,0.061642364,,,,,
36053,Madison County,2000,Census Base Population,69420,Madison,654.84,106.0106286,0.003672325,,,,,
36053,Madison County,2010,Census Base Population,73457,Madison,654.84,112.1754933,0.05815327,,,,,
36053,Madison County,2020,Census Base Population,68016,Madison,654.84,103.8665934,-0.074070545,,,,,
36055,Monroe County,1970,Census Base Population,711917,Monroe,657.2,1083.25776,0,,,,,
36055,Monroe County,1980,Census Base Population,702238,Monroe,657.2,1068.530128,-0.013595686,,,,,
36055,Monroe County,1990,Census Base Population,713968,Monroe,657.2,1086.378576,0.016703739,,,,,
36055,Monroe County,2000,Census Base Population,735328,Monroe,657.2,1118.880097,0.029917307,,,,,
36055,Monroe County,2010,Census Base Population,744396,Monroe,657.2,1132.678028,0.012331912,,,,,
36055,Monroe County,2020,Census Base Population,759443,Monroe,657.2,1155.573646,0.020213703,,,,,
36057,Montgomery County,1970,Census Base Population,55883,Montgomery,403.04,138.6537316,0,,,,,
36057,Montgomery County,1980,Census Base Population,53439,Montgomery,403.04,132.5898174,-0.04373423,,,,,
36057,Montgomery County,1990,Census Base Population,51981,Montgomery,403.04,128.9723104,-0.027283445,,,,,
36057,Montgomery County,2000,Census Base Population,49637,Montgomery,403.04,123.1565105,-0.0450934,,,,,
36057,Montgomery County,2010,Census Base Population,50268,Montgomery,403.04,124.7221119,0.012712291,,,,,
36057,Montgomery County,2020,Census Base Population,49532,Montgomery,403.04,122.8959905,-0.014641521,,,,,
36059,Nassau County,1970,Census Base Population,1428838,Nassau,284.72,5018.397022,0,,,,,
36059,Nassau County,1980,Census Base Population,1321582,Nassau,284.72,4641.690081,-0.075065193,,,,,
36059,Nassau County,1990,Census Base Population,1287873,Nassau,284.72,4523.296572,-0.025506552,,,,,
36059,Nassau County,2000,Census Base Population,1334625,Nassau,284.72,4687.5,0.036301716,,,,,
36059,Nassau County,2010,Census Base Population,1339854,Nassau,284.72,4705.865412,0.003917954,,,,,
36059,Nassau County,2020,Census Base Population,1395774,Nassau,284.72,4902.268896,0.041735891,,,,,
36061,New York County,1970,Census Base Population,1539233,New York,22.83,67421.50679,0,,,,,
36061,New York County,1980,Census Base Population,1428285,New York,22.83,62561.76084,-0.072080055,,,,,
36061,New York County,1990,Census Base Population,1487536,New York,22.83,65157.07403,0.041484018,,,,,
36061,New York County,2000,Census Base Population,1538096,New York,22.83,67371.7039,0.033989093,,,,,
36061,New York County,2010,Census Base Population,1586609,New York,22.83,69496.67105,0.031540944,,,,,
36061,New York County,2020,Census Base Population,1694251,New York,22.83,74211.60753,0.067844062,,,,,
36000,New York State,1970,Census Base Population,18241391,New York State,47126.39,387.073803,0,,,,,
36000,New York State,1980,Census Base Population,17558165,New York State,47126.39,372.5760662,-0.037454709,,,,,
36000,New York State,1990,Census Base Population,17990778,New York State,47126.39,381.7559121,0.02463885,,,,,
36000,New York State,2000,Census Base Population,18977026,New York State,47126.39,402.6836344,0.054819641,,,,,
36000,New York State,2010,Census Base Population,19378117,New York State,47126.39,411.1945982,0.021135609,,,,,
36000,New York State,2020,Census Base Population,20201249,New York State,47126.39,428.661075,0.042477399,,,,,
36063,Niagara County,1970,Census Base Population,235720,Niagara,522.36,451.2596677,0,,,,,
36063,Niagara County,1980,Census Base Population,227354,Niagara,522.36,435.2438931,-0.035491261,,,,,
36063,Niagara County,1990,Census Base Population,220756,Niagara,522.36,422.6127575,-0.029020822,,,,,
36063,Niagara County,2000,Census Base Population,219795,Niagara,522.36,420.7730301,-0.004353223,,,,,
36063,Niagara County,2010,Census Base Population,216479,Niagara,522.36,414.4249177,-0.015086785,,,,,
36063,Niagara County,2020,Census Base Population,212666,Niagara,522.36,407.1253542,-0.017613718,,,,,
36065,Oneida County,1970,Census Base Population,273070,Oneida,1212.43,225.2253738,0,,,,,
36065,Oneida County,1980,Census Base Population,253466,Oneida,1212.43,209.0561929,-0.071791116,,,,,
36065,Oneida County,1990,Census Base Population,250836,Oneida,1212.43,206.8869955,-0.010376145,,,,,
36065,Oneida County,2000,Census Base Population,235516,Oneida,1212.43,194.2512145,-0.061075763,,,,,
36065,Oneida County,2010,Census Base Population,234851,Oneida,1212.43,193.7027292,-0.002823587,,,,,
36065,Oneida County,2020,Census Base Population,232125,Oneida,1212.43,191.454352,-0.01160736,,,,,
36067,Onondaga County,1970,Census Base Population,472835,Onondaga,778.39,607.4525623,0,,,,,
36067,Onondaga County,1980,Census Base Population,463920,Onondaga,778.39,595.9994347,-0.018854357,,,,,
36067,Onondaga County,1990,Census Base Population,468973,Onondaga,778.39,602.4910392,0.010891964,,,,,
36067,Onondaga County,2000,Census Base Population,458326,Onondaga,778.39,588.8128059,-0.0227028,,,,,
36067,Onondaga County,2010,Census Base Population,467068,Onondaga,778.39,600.0436799,0.01907376,,,,,
36067,Onondaga County,2020,Census Base Population,476516,Onondaga,778.39,612.1815542,0.020228318,,,,,
36069,Ontario County,1970,Census Base Population,78849,Ontario,644.06,122.4249294,0,,,,,
36069,Ontario County,1980,Census Base Population,88909,Ontario,644.06,138.0445921,0.127585638,,,,,
36069,Ontario County,1990,Census Base Population,95101,Ontario,644.06,147.6586032,0.069644243,,,,,
36069,Ontario County,2000,Census Base Population,100009,Ontario,644.06,155.2790113,0.05160829,,,,,
36069,Ontario County,2010,Census Base Population,108106,Ontario,644.06,167.8508214,0.080962713,,,,,
36069,Ontario County,2020,Census Base Population,112458,Ontario,644.06,174.6079558,0.040256785,,,,,
36071,Orange County,1970,Census Base Population,221657,Orange,811.69,273.080856,0,,,,,
36071,Orange County,1980,Census Base Population,259603,Orange,811.69,319.8302308,0.171192428,,,,,
36071,Orange County,1990,Census Base Population,307571,Orange,811.69,378.9266838,0.184774444,,,,,
36071,Orange County,2000,Census Base Population,341397,Orange,811.69,420.6002292,0.109977859,,,,,
36071,Orange County,2010,Census Base Population,372823,Orange,811.69,459.3169806,0.09205119,,,,,
36071,Orange County,2020,Census Base Population,401310,Orange,811.69,494.4128916,0.076408913,,,,,
36073,Orleans County,1970,Census Base Population,37305,Orleans,391.26,95.34580586,0,,,,,
36073,Orleans County,1980,Census Base Population,38496,Orleans,391.26,98.38981751,0.031926015,,,,,
36073,Orleans County,1990,Census Base Population,41846,Orleans,391.26,106.951899,0.087022028,,,,,
36073,Orleans County,2000,Census Base Population,44184,Orleans,391.26,112.9274651,0.055871529,,,,,
36073,Orleans County,2010,Census Base Population,42891,Orleans,391.26,109.6227572,-0.029263987,,,,,
36073,Orleans County,2020,Census Base Population,40343,Orleans,391.26,103.1104636,-0.059406402,,,,,
36075,Oswego County,1970,Census Base Population,100897,Oswego,951.65,106.0232228,0,,,,,
36075,Oswego County,1980,Census Base Population,113901,Oswego,951.65,119.6879105,0.128883911,,,,,
36075,Oswego County,1990,Census Base Population,121785,Oswego,951.65,127.9724689,0.069218005,,,,,
36075,Oswego County,2000,Census Base Population,122387,Oswego,951.65,128.6050544,0.004943137,,,,,
36075,Oswego County,2010,Census Base Population,122109,Oswego,951.65,128.3129302,-0.002271483,,,,,
36075,Oswego County,2020,Census Base Population,117525,Oswego,951.65,123.4960332,-0.03754023,,,,,
36077,Otsego County,1970,Census Base Population,56181,Otsego,1001.7,56.08565439,0,,,,,
36077,Otsego County,1980,Census Base Population,59075,Otsego,1001.7,58.97474294,0.051512077,,,,,
36077,Otsego County,1990,Census Base Population,60390,Otsego,1001.7,60.28751123,0.022259839,,,,,
36077,Otsego County,2000,Census Base Population,61692,Otsego,1001.7,61.58730159,0.021559861,,,,,
36077,Otsego County,2010,Census Base Population,62278,Otsego,1001.7,62.17230708,0.0094988,,,,,
36077,Otsego County,2020,Census Base Population,58524,Otsego,1001.7,58.42467805,-0.060278108,,,,,
36079,Putnam County,1970,Census Base Population,56696,Putnam,230.31,246.17255,0,,,,,
36079,Putnam County,1980,Census Base Population,77193,Putnam,230.31,335.1699883,0.361524623,,,,,
36079,Putnam County,1990,Census Base Population,83941,Putnam,230.31,364.4696279,0.087417253,,,,,
36079,Putnam County,2000,Census Base Population,95731,Putnam,230.31,415.6614997,0.140455796,,,,,
36079,Putnam County,2010,Census Base Population,99633,Putnam,230.31,432.6038817,0.040760046,,,,,
36079,Putnam County,2020,Census Base Population,97668,Putnam,230.31,424.0719031,-0.019722381,,,,,
36081,Queens County,1970,Census Base Population,1987174,Queens,108.53,18309.9051,0,,,,,
36081,Queens County,1980,Census Base Population,1891325,Queens,108.53,17426.74836,-0.048233824,,,,,
36081,Queens County,1990,Census Base Population,1951598,Queens,108.53,17982.10633,0.031868135,,,,,
36081,Queens County,2000,Census Base Population,2229394,Queens,108.53,20541.7304,0.142342839,,,,,
36081,Queens County,2010,Census Base Population,2230511,Queens,108.53,20552.02248,0.000501033,,,,,
36081,Queens County,2020,Census Base Population,2405464,Queens,108.53,22164.04681,0.078436287,,,,,
36083,Rensselaer County,1970,Census Base Population,152510,Rensselaer,652.43,233.7568781,0,,,,,
36083,Rensselaer County,1980,Census Base Population,151966,Rensselaer,652.43,232.9230722,-0.003566979,,,,,
36083,Rensselaer County,1990,Census Base Population,154429,Rensselaer,652.43,236.6981898,0.016207573,,,,,
36083,Rensselaer County,2000,Census Base Population,152553,Rensselaer,652.43,233.8227856,-0.012147977,,,,,
36083,Rensselaer County,2010,Census Base Population,159435,Rensselaer,652.43,244.3710436,0.045112191,,,,,
36083,Rensselaer County,2020,Census Base Population,161130,Rensselaer,652.43,246.9690235,0.010631292,,,,,
36085,Richmond County,1970,Census Base Population,295443,Richmond,58.37,5061.555594,0,,,,,
36085,Richmond County,1980,Census Base Population,352029,Richmond,58.37,6030.991948,0.191529331,,,,,
36085,Richmond County,1990,Census Base Population,378977,Richmond,58.37,6492.667466,0.076550511,,,,,
36085,Richmond County,2000,Census Base Population,443762,Richmond,58.37,7602.569813,0.17094705,,,,,
36085,Richmond County,2010,Census Base Population,468730,Richmond,58.37,8030.323796,0.056264394,,,,,
36085,Richmond County,2020,Census Base Population,495747,Richmond,58.37,8493.181429,0.057638726,,,,,
36087,Rockland County,1970,Census Base Population,229903,Rockland,173.55,1324.707577,0,,,,,
36087,Rockland County,1980,Census Base Population,259530,Rockland,173.55,1495.419188,0.128867392,,,,,
36087,Rockland County,1990,Census Base Population,265475,Rockland,173.55,1529.674445,0.022906793,,,,,
36087,Rockland County,2000,Census Base Population,286794,Rockland,173.55,1652.515125,0.080305113,,,,,
36087,Rockland County,2010,Census Base Population,311691,Rockland,173.55,1795.972342,0.08681144,,,,,
36087,Rockland County,2020,Census Base Population,338329,Rockland,173.55,1949.46125,0.085462846,,,,,
36091,Saratoga County,1970,Census Base Population,121764,Saratoga,809.98,150.3296378,0,,,,,
36091,Saratoga County,1980,Census Base Population,153759,Saratoga,809.98,189.8306131,0.262762393,,,,,
36091,Saratoga County,1990,Census Base Population,181276,Saratoga,809.98,223.8030569,0.178961882,,,,,
36091,Saratoga County,2000,Census Base Population,200626,Saratoga,809.98,247.6925356,0.106743309,,,,,
36091,Saratoga County,2010,Census Base Population,219598,Saratoga,809.98,271.1153362,0.094564015,,,,,
36091,Saratoga County,2020,Census Base Population,235509,Saratoga,809.98,290.7590311,0.072455123,,,,,
36093,Schenectady County,1970,Census Base Population,161078,Schenectady,204.52,787.5904557,0,,,,,
36093,Schenectady County,1980,Census Base Population,149946,Schenectady,204.52,733.1605711,-0.069109376,,,,,
36093,Schenectady County,1990,Census Base Population,149285,Schenectady,204.52,729.9286133,-0.004408254,,,,,
36093,Schenectady County,2000,Census Base Population,146652,Schenectady,204.52,717.0545668,-0.017637405,,,,,
36093,Schenectady County,2010,Census Base Population,154758,Schenectady,204.52,756.6888324,0.055273709,,,,,
36093,Schenectady County,2020,Census Base Population,158061,Schenectady,204.52,772.8388422,0.021343,,,,,
36095,Schoharie County,1970,Census Base Population,24750,Schoharie,621.82,39.8025152,0,,,,,
36095,Schoharie County,1980,Census Base Population,29710,Schoharie,621.82,47.77910006,0.20040404,,,,,
36095,Schoharie County,1990,Census Base Population,31840,Schoharie,621.82,51.20452864,0.071693033,,,,,
36095,Schoharie County,2000,Census Base Population,31488,Schoharie,621.82,50.63844843,-0.011055276,,,,,
36095,Schoharie County,2010,Census Base Population,32723,Schoharie,621.82,52.62455373,0.039221291,,,,,
36095,Schoharie County,2020,Census Base Population,29714,Schoharie,621.82,47.78553279,-0.091953672,,,,,
36097,Schuyler County,1970,Census Base Population,16737,Schuyler,328.33,50.97615204,0,,,,,
36097,Schuyler County,1980,Census Base Population,17686,Schuyler,328.33,53.86653672,0.056700723,,,,,
36097,Schuyler County,1990,Census Base Population,18662,Schuyler,328.33,56.83915573,0.055184892,,,,,
36097,Schuyler County,2000,Census Base Population,19188,Schuyler,328.33,58.44120245,0.028185618,,,,,
36097,Schuyler County,2010,Census Base Population,18369,Schuyler,328.33,55.94676088,-0.042682927,,,,,
36097,Schuyler County,2020,Census Base Population,17898,Schuyler,328.33,54.51222855,-0.025641026,,,,,
36099,Seneca County,1970,Census Base Population,35083,Seneca,323.71,108.3778691,0,,,,,
36099,Seneca County,1980,Census Base Population,33733,Seneca,323.71,104.2074696,-0.038480176,,,,,
36099,Seneca County,1990,Census Base Population,33683,Seneca,323.71,104.0530104,-0.001482228,,,,,
36099,Seneca County,2000,Census Base Population,33319,Seneca,323.71,102.9285472,-0.010806638,,,,,
36099,Seneca County,2010,Census Base Population,35253,Seneca,323.71,108.9030305,0.058044959,,,,,
36099,Seneca County,2020,Census Base Population,33814,Seneca,323.71,104.4576936,-0.040819221,,,,,
36089,St. Lawrence County,1970,Census Base Population,112309,St. Lawrence,2680.38,41.90040218,0,,,,,
36089,St. Lawrence County,1980,Census Base Population,114347,St. Lawrence,2680.38,42.66074213,0.018146364,,,,,
36089,St. Lawrence County,1990,Census Base Population,111974,St. Lawrence,2680.38,41.7754199,-0.020752621,,,,,
36089,St. Lawrence County,2000,Census Base Population,111922,St. Lawrence,2680.38,41.75601967,-0.000464394,,,,,
36089,St. Lawrence County,2010,Census Base Population,111941,St. Lawrence,2680.38,41.76310822,0.000169761,,,,,
36089,St. Lawrence County,2020,Census Base Population,108505,St. Lawrence,2680.38,40.48120043,-0.030694741,,,,,
36101,Steuben County,1970,Census Base Population,99546,Steuben,1390.56,71.58698654,0,,,,,
36101,Steuben County,1980,Census Base Population,99217,Steuben,1390.56,71.35039121,-0.003305005,,,,,
36101,Steuben County,1990,Census Base Population,99088,Steuben,1390.56,71.25762283,-0.00130018,,,,,
36101,Steuben County,2000,Census Base Population,98681,Steuben,1390.56,70.96493499,-0.00410746,,,,,
36101,Steuben County,2010,Census Base Population,98946,Steuben,1390.56,71.1555057,0.002685421,,,,,
36101,Steuben County,2020,Census Base Population,93584,Steuben,1390.56,67.29950524,-0.054191175,,,,,
36103,Suffolk County,1970,Census Base Population,1127030,Suffolk,912.05,1235.710761,0,,,,,
36103,Suffolk County,1980,Census Base Population,1284231,Suffolk,912.05,1408.070829,0.139482534,,,,,
36103,Suffolk County,1990,Census Base Population,1321339,Suffolk,912.05,1448.757195,0.028895113,,,,,
36103,Suffolk County,2000,Census Base Population,1419379,Suffolk,912.05,1556.251302,0.074197462,,,,,
36103,Suffolk County,2010,Census Base Population,1493116,Suffolk,912.05,1637.098843,0.051950184,,,,,
36103,Suffolk County,2020,Census Base Population,1525920,Suffolk,912.05,1673.06617,0.021970162,,,,,
36105,Sullivan County,1970,Census Base Population,52580,Sullivan,968.13,54.310888,0,,,,,
36105,Sullivan County,1980,Census Base Population,65155,Sullivan,968.13,67.2998461,0.239159376,,,,,
36105,Sullivan County,1990,Census Base Population,69277,Sullivan,968.13,71.55753876,0.063264523,,,,,
36105,Sullivan County,2000,Census Base Population,73885,Sullivan,968.13,76.31723012,0.066515582,,,,,
36105,Sullivan County,2010,Census Base Population,77504,Sullivan,968.13,80.05536447,0.048981525,,,,,
36105,Sullivan County,2020,Census Base Population,78624,Sullivan,968.13,81.21223389,0.014450867,,,,,
36107,Tioga County,1970,Census Base Population,46513,Tioga,518.6,89.68954879,0,,,,,
36107,Tioga County,1980,Census Base Population,49812,Tioga,518.6,96.05090629,0.070926408,,,,,
36107,Tioga County,1990,Census Base Population,52337,Tioga,518.6,100.919784,0.050690597,,,,,
36107,Tioga County,2000,Census Base Population,51883,Tioga,518.6,100.0443502,-0.008674551,,,,,
36107,Tioga County,2010,Census Base Population,51052,Tioga,518.6,98.44195912,-0.016016807,,,,,
36107,Tioga County,2020,Census Base Population,48455,Tioga,518.6,93.43424605,-0.050869701,,,,,
36109,Tompkins County,1970,Census Base Population,77064,Tompkins,474.65,162.3596334,0,,,,,
36109,Tompkins County,1980,Census Base Population,87085,Tompkins,474.65,183.472032,0.130034776,,,,,
36109,Tompkins County,1990,Census Base Population,94097,Tompkins,474.65,198.2450226,0.080519033,,,,,
36109,Tompkins County,2000,Census Base Population,96487,Tompkins,474.65,203.2803118,0.025399322,,,,,
36109,Tompkins County,2010,Census Base Population,101581,Tompkins,474.65,214.0124302,0.052794677,,,,,
36109,Tompkins County,2020,Census Base Population,105740,Tompkins,474.65,222.7746761,0.040942696,,,,,
36111,Ulster County,1970,Census Base Population,141241,Ulster,1124.23,125.6335447,0,,,,,
36111,Ulster County,1980,Census Base Population,158158,Ulster,1124.23,140.6811773,0.119774003,,,,,
36111,Ulster County,1990,Census Base Population,165380,Ulster,1124.23,147.1051297,0.045663198,,,,,
36111,Ulster County,2000,Census Base Population,177726,Ulster,1124.23,158.0868683,0.074652316,,,,,
36111,Ulster County,2010,Census Base Population,182522,Ulster,1124.23,162.3528993,0.026985359,,,,,
36111,Ulster County,2020,Census Base Population,181851,Ulster,1124.23,161.7560464,-0.003676269,,,,,
36113,Warren County,1970,Census Base Population,49402,Warren,866.95,56.98367841,0,,,,,
36113,Warren County,1980,Census Base Population,54854,Warren,866.95,63.27239172,0.110359904,,,,,
36113,Warren County,1990,Census Base Population,59209,Warren,866.95,68.29574947,0.079392569,,,,,
36113,Warren County,2000,Census Base Population,63263,Warren,866.95,72.97191303,0.068469321,,,,,
36113,Warren County,2010,Census Base Population,65698,Warren,866.95,75.78061019,0.038490113,,,,,
36113,Warren County,2020,Census Base Population,65737,Warren,866.95,75.82559548,0.000593625,,,,,
36115,Washington County,1970,Census Base Population,52725,Washington,831.18,63.43391323,0,,,,,
36115,Washington County,1980,Census Base Population,54795,Washington,831.18,65.92434852,0.039260313,,,,,
36115,Washington County,1990,Census Base Population,59330,Washington,831.18,71.38044708,0.082763026,,,,,
36115,Washington County,2000,Census Base Population,61032,Washington,831.18,73.42813831,0.028687005,,,,,
36115,Washington County,2010,Census Base Population,63254,Washington,831.18,76.10144614,0.036407131,,,,,
36115,Washington County,2020,Census Base Population,61302,Washington,831.18,73.75297769,-0.030859708,,,,,
36117,Wayne County,1970,Census Base Population,79404,Wayne,603.83,131.5005879,0,,,,,
36117,Wayne County,1980,Census Base Population,84581,Wayne,603.83,140.0741931,0.065198227,,,,,
36117,Wayne County,1990,Census Base Population,89123,Wayne,603.83,147.5961777,0.053700004,,,,,
36117,Wayne County,2000,Census Base Population,93779,Wayne,603.83,155.3069573,0.052242407,,,,,
36117,Wayne County,2010,Census Base Population,93751,Wayne,603.83,155.2605866,-0.000298574,,,,,
36117,Wayne County,2020,Census Base Population,91283,Wayne,603.83,151.1733435,-0.026325053,,,,,
36119,Westchester County,1970,Census Base Population,894406,Westchester,430.5,2077.598142,0,,,,,
36119,Westchester County,1980,Census Base Population,866599,Westchester,430.5,2013.005807,-0.031089908,,,,,
36119,Westchester County,1990,Census Base Population,874866,Westchester,430.5,2032.209059,0.009539591,,,,,
36119,Westchester County,2000,Census Base Population,923621,Westchester,430.5,2145.461092,0.055728534,,,,,
36119,Westchester County,2010,Census Base Population,949376,Westchester,430.5,2205.286876,0.027884814,,,,,
36119,Westchester County,2020,Census Base Population,1004457,Westchester,430.5,2333.233449,0.058018109,,,,,
36121,Wyoming County,1970,Census Base Population,37688,Wyoming,592.75,63.58161113,0,,,,,
36121,Wyoming County,1980,Census Base Population,39895,Wyoming,592.75,67.30493463,0.058559754,,,,,
36121,Wyoming County,1990,Census Base Population,42507,Wyoming,592.75,71.71151413,0.065471864,,,,,
36121,Wyoming County,2000,Census Base Population,43462,Wyoming,592.75,73.32264867,0.022466888,,,,,
36121,Wyoming County,2010,Census Base Population,42154,Wyoming,592.75,71.11598482,-0.030095256,,,,,
36121,Wyoming County,2020,Census Base Population,40531,Wyoming,592.75,68.37789962,-0.038501684,,,,,
36123,Yates County,1970,Census Base Population,19831,Yates,338.14,58.64730585,0,,,,,
36123,Yates County,1980,Census Base Population,21459,Yates,338.14,63.46187969,0.082093692,,,,,
36123,Yates County,1990,Census Base Population,22810,Yates,338.14,67.45726622,0.062957267,,,,,
36123,Yates County,2000,Census Base Population,24591,Yates,338.14,72.72431537,0.07807979,,,,,
36123,Yates County,2010,Census Base Population,25364,Yates,338.14,75.01035074,0.031434265,,,,,
36123,Yates County,2020,Census Base Population,24774,Yates,338.14,73.26551133,-0.023261315,,,,,
,,,,,,,,0,,,,,
